anho_nacimiento,nombre,fecha_creacion,total_obras,autor_id
,Shel Silverstein,2008-04-01T03:28:50.625462,152,0
1966,Sarah Waters,2008-04-01T03:28:50.625462,36,1
1956,Michel Houellebecq,2008-04-01T03:28:50.625462,85,2
1971,Gillian Flynn,2008-04-01T03:28:50.625462,43,3
1976,Yuval N. Harari,2008-04-30T20:50:18.033121,53,4
,,,8,5
,Don Raskin,2019-07-19T11:37:45.718721,1,6
,,2025-11-27T11:54:06.294424,1,7
1951,"Brown, Daniel",2008-04-01T03:28:50.625462,6,8
,Aracelis Girmay,2008-04-01T03:28:50.625462,13,9
,,2022-10-17T23:45:30.178727,3,10
1564,William Shakespeare,2008-04-01T03:28:50.625462,12542,11
,Jay Dee,,12,12
1979,Bryan Lee O'Malley,2008-04-01T03:28:50.625462,30,13
1963,Simon Reynolds,2008-04-01T03:28:50.625462,25,14
,Michael Azerrad,2008-04-01T03:28:50.625462,7,15
,Tyehimba Jess,,6,16
,,,10,17
,Todd Seavey,2019-07-19T11:26:26.716928,2,18
,,2020-08-04T23:53:30.938498,1,19
,,2016-10-14T16:50:54.019962,11,20
1952,David Byrne,2008-04-01T03:28:50.625462,35,21
,,,15,22
,,2020-05-17T22:46:50.000977,3,23
,,2020-05-17T11:48:32.214289,35,24
1953,Sebastian Faulks,2008-04-01T03:28:50.625462,57,25
1951,Wayne Stewart,,36,26
,,,384,27
,,2020-08-03T08:56:36.321627,6,28
1974,Banksy.,2008-04-29T15:03:11.581851,20,29
1952,Miguel Ruiz,2008-04-01T03:28:50.625462,97,30
1938,Gary D. Chapman,2008-04-01T03:28:50.625462,76,31
,,2016-10-14T11:58:31.411049,2,32
,,,73,33
1952,Jostein Gaarder,2008-04-01T03:28:50.625462,246,34
,Kathleen Martin,,25,35
1917,"Brooks, Gwendolyn",2008-04-01T03:28:50.625462,86,36
1927,"Schwartz, Alvin",2008-04-01T03:28:50.625462,82,37
1958,,2017-05-11T11:55:57.443440,13,38
,,2020-08-20T17:41:35.528055,4,39
,,2020-08-24T14:02:35.596414,2,40
1975,Matt Haig,2008-04-01T03:28:50.625462,139,41
1947,"Patterson, James",2008-04-01T03:28:50.625462,706,42
,,2020-08-04T22:51:31.144740,2,43
1957,Thomas W. Ward,2012-01-11T18:21:25.164403,1,44
,,2019-03-27T20:28:58.509150,7,45
1922,Charles M. Schulz,2008-04-29T15:03:11.581851,1735,46
1960,Neil Gaiman,2008-04-01T03:28:50.625462,504,47
,Nathanael Johnson,2012-08-08T07:30:12.506116,3,48
,,2019-03-18T17:25:57.661385,8,49
1975,Brandon Sanderson,2008-04-01T03:28:50.625462,190,50
1973,Natsuki Takaya,2008-04-01T03:28:50.625462,160,51
1961,Douglas Rushkoff,2008-04-01T03:28:50.625462,53,52
1975,Mariko Tamaki,2008-04-01T03:28:50.625462,93,53
,,2008-04-29T13:35:46.876380,4936,54
,,,,55
,Brian Farrey,2012-01-11T16:17:30.129338,8,56
,,2010-03-12T05:05:06.756207,60,57
,Jackson Burnett,2022-06-20T03:45:12.567520,1,58
1806,Worthington Hooker,2008-04-01T03:28:50.625462,26,59
,,2008-04-30T20:50:18.033121,46,60
,Andrea Kane,2008-04-01T03:28:50.625462,134,61
,,,25,62
,,2016-10-14T07:58:23.955751,1,63
1984,Marie Kondō,2015-01-31T18:01:59.592921,22,64
1941,Helene Segura,2019-07-19T17:01:25.142110,1,65
,Caroline Paul,,11,66
1908,Edward Deeds,2019-07-19T15:38:03.176386,1,67
1958,Richard Weikart,,5,68
,,2023-07-18T08:31:40.354661,1,69
1934,Eric Hebborn,,4,70
,,2021-07-27T03:56:02.381475,49,71
1944,William Martin,2008-10-17T11:50:18.852959,20,72
1984,Marie Kondō,2015-01-31T18:01:59.592921,22,73
,David Brackett,,3,74
1894,"Graham, Benjamin",2008-04-01T03:28:50.625462,48,75
1867,"Galsworthy, John",2008-04-01T03:28:50.625462,1428,76
1867,"Galsworthy, John",2008-04-01T03:28:50.625462,1428,77
1953,Katherine S. Newman,,26,78
,,,,79
,,,,80
,E. D. Baker,2008-04-01T03:28:50.625462,38,81
,,,28,82
1936,Bernard Bastable,2008-04-01T03:28:50.625462,78,83
1924,Isabel Miller,2008-04-01T03:28:50.625462,14,84
,Erin Hunter,2008-04-01T03:28:50.625462,232,85
1917,"Burgess, Anthony",2008-04-01T03:28:50.625462,170,86
,Fauzia Burke,2019-07-19T17:02:03.511903,1,87
,,2020-11-24T04:38:25.455496,26,88
1948,Amanda Quick,2008-04-01T03:28:50.625462,352,89
,David Lebovitz,2008-04-01T03:28:50.625462,15,90
,Winifred H. Mills,,1,91
1977,Emily Flake,2008-04-30T09:38:13.731961,11,92
1991,,2015-11-13T15:16:18.735353,37,93
1991,,2015-11-13T15:16:18.735353,37,94
1991,,2015-11-13T15:16:18.735353,37,95
1948,Pochi Yeh,,10,96
,George J. Thompson,,6,97
,,2020-08-13T13:04:06.146505,217,98
,,2020-08-17T20:52:20.106857,5,99
,,2021-05-06T18:22:43.825609,3,100
,,2021-04-29T13:43:21.897116,111,101
,,,,102
,Randy J. Paterson,,7,103
,,2021-05-09T04:26:24.916957,11,104
,,2022-05-26T07:55:40.020467,40,105
1980,Jenny Han,2008-04-01T03:28:50.625462,66,106
1886,Olaf Stapledon,2008-04-01T03:28:50.625462,104,107
1963,"James, E. L.",2012-03-15T23:07:06.804942,29,108
,,2024-12-08T21:12:24.681385,2,109
,,2023-01-04T23:42:46.871418,858,110
,,,,111
1986,Sarah J. Maas,2012-04-25T09:48:38.192850,51,112
,,,,113
1965,Steven T. Seagle,2008-04-01T03:28:50.625462,29,114
,NANCY MARTIN,2008-10-25T05:07:15.419241,1,115
1876,Jack London,2008-04-01T03:28:50.625462,9357,116
1970,,2011-04-06T17:53:01.151689,4,117
1970,Kelly Sue DeConnick,2008-04-30T09:38:13.731961,76,118
1974,Michael Dante DiMartino,2008-04-30T09:38:13.731961,31,119
1984,Brian Christian,2011-03-01T21:34:48.940104,6,120
,,,,121
,Shawn K. Stout,2009-07-22T03:52:18.343879,22,122
,,2016-07-25T22:35:33.520082,12,123
,John H. Beauvais,,4,124
,Samantha Mabry,2019-05-24T00:05:43.352531,7,125
1986,Sarah J. Maas,2012-04-25T09:48:38.192850,51,126
,,,,127
1970,James K. A. Smith,,24,128
1977,,2013-08-13T14:49:41.498679,24,129
,Molly Prentiss,2019-07-19T11:35:07.291062,3,130
,James McDonald,2008-10-20T14:59:53.750788,75,131
1986,Sarah J. Maas,2012-04-25T09:48:38.192850,51,132
,,2008-04-29T13:35:46.876380,20,133
1975,Jay Asher,2008-04-30T09:38:13.731961,37,134
,Jo Ellen Bogart,2008-04-01T03:28:50.625462,27,135
1947,"Steel, Danielle.",2008-04-01T03:28:50.625462,774,136
,Emma Straub,2011-10-27T10:35:08.957941,22,137
1928,"Toffler, Alvin.",2008-04-01T03:28:50.625462,67,138
1835,Mark Twain,2008-04-01T03:28:50.625462,7351,139
,,2008-04-30T09:38:13.731961,106,140
1890,Agatha Christie,2008-04-01T03:28:50.625462,1166,141
,,,7,142
1967,Jon Ronson,2008-04-01T03:28:50.625462,25,143
1956,Graeme C. Simsion,2008-04-01T03:28:50.625462,17,144
1948,Eckhart Tolle,2008-04-01T03:28:50.625462,173,145
,,2021-02-09T05:46:29.689814,130,146
1985,Rosanna Pansino,2019-05-24T10:44:54.779570,3,147
1890,Agatha Christie,2008-04-01T03:28:50.625462,1166,148
1974,Chetan Bhagat,2008-04-01T03:28:50.625462,31,149
,,2019-03-21T08:58:25.500179,179,150
,,,,151
,Laura Tillman,2019-07-19T12:16:51.205566,2,152
1965,Khaled Hosseini,2008-04-01T03:28:50.625462,44,153
1906,,2008-04-30T09:38:13.731961,52,154
,,2008-04-29T15:03:11.581851,278,155
1972,Paula Hawkins,2008-04-29T15:03:11.581851,17,156
1959,Jennifer Ackerman,2008-04-01T03:28:50.625462,14,157
,,2025-04-29T14:47:15.809576,1,158
,Shelly Jaronsky,2019-07-19T12:58:48.056122,1,159
,,2021-09-18T10:14:30.253934,5,160
1948,Julia Cameron,2008-04-01T03:28:50.625462,92,161
,Sunzi,2008-04-01T03:28:50.625462,311,162
1973,Maggie Nelson,2008-04-01T03:28:50.625462,16,163
,,2019-10-11T13:38:02.567521,1,164
,,,18,165
,,2019-10-30T04:38:14.527112,6,166
,,2016-10-14T04:11:30.771015,28,167
1967,Jon Ronson,2008-04-01T03:28:50.625462,25,168
1938,Philip H. Knight,2010-03-12T04:57:05.100224,9,169
,,,,170
,,2021-06-14T06:52:28.139578,22,171
,Anna Breslaw,2019-07-19T12:56:15.701652,2,172
,,2021-11-02T18:56:04.929112,3,173
1947,Francine Rivers,2008-04-01T03:28:50.625462,156,174
,Justin Martin,,51,175
1947,Anthony Holden,2008-04-01T03:28:50.625462,43,176
1960,Kristin Hannah,2008-04-01T03:28:50.625462,130,177
1988,Ocean Vuong,2019-07-19T12:17:08.404158,10,178
,Victoria Kelly,2019-05-15T08:23:08.947216,8,179
1983,Aziz Ansari,2016-09-13T16:16:56.490326,4,180
1979,Ransom Riggs,2008-10-07T23:52:28.122230,106,181
1832,Louisa May Alcott,2008-04-01T03:28:50.625462,2227,182
1948,Audrey Wood,2008-09-25T23:36:20.589641,63,183
1979,Ransom Riggs,2008-10-07T23:52:28.122230,106,184
,,,,185
,,2019-07-19T16:21:09.973619,1,186
1979,Ransom Riggs,2008-10-07T23:52:28.122230,106,187
1935,"Hargreaves, Roger.",2008-04-01T03:28:50.625462,1843,188
,,,10,189
,,2008-04-29T15:03:11.581851,278,190
,"Edwards, Mark",2020-09-21T00:36:54.391720,2,191
,,,18,192
1947,"King, Stephen",2008-04-01T03:28:50.625462,608,193
1621,"La Fontaine, Jean de",2008-04-01T03:28:50.625462,904,194
,,,,195
1968,Mo Willems,2008-04-01T03:28:50.625462,199,196
,,2021-11-02T20:35:56.234885,3,197
,,2016-10-14T12:40:12.163954,66,198
,,2020-07-14T02:40:31.947818,6,199
,,2021-03-03T20:13:06.081933,1,200
1965,C. Brené Brown,2008-04-30T09:38:13.731961,57,201
,Christina Dodd,2008-04-01T03:28:50.625462,258,202
,Crystal McVea,2019-07-18T02:37:15.267096,3,203
,David Joseph Schwartz,2008-04-01T03:28:50.625462,27,204
,,,9,205
,Mary Mothersill,,3,206
1953,"Moore, Alan",2008-04-01T03:28:50.625462,286,207
1953,"Moore, Alan",2008-04-01T03:28:50.625462,286,208
,,2019-10-15T09:19:39.138187,4,209
,,2021-10-11T07:08:11.904180,5,210
,,2021-10-17T01:47:12.243675,2,211
,,2022-11-19T13:29:53.768840,2,212
,,2023-04-18T12:47:00.678626,1,213
1915,Khushwant Singh,2008-04-01T03:28:50.625462,249,214
1972,,2008-04-29T13:35:46.876380,25,215
1500,"Wu, Cheng'en",2008-04-01T03:28:50.625462,175,216
1966,Jill Lepore,2008-04-01T03:28:50.625462,23,217
1952,Jung Chang,2008-04-01T03:28:50.625462,19,218
1952,E. J. Dionne,2008-04-01T03:28:50.625462,23,219
,,2019-11-02T18:09:00.155657,3,220
,Ariel Waldman,2019-07-19T14:34:57.120204,2,221
,,,25,222
,Teddy Slater,2008-04-01T03:28:50.625462,143,223
1953,"Moore, Alan",2008-04-01T03:28:50.625462,286,224
,,2014-02-10T16:05:23.958850,189,225
1967,Laura Hillenbrand,2008-04-01T03:28:50.625462,15,226
1949,Jane Smiley,2008-04-01T03:28:50.625462,154,227
1983,,2016-10-19T03:04:29.791381,14,228
,,2017-07-22T11:10:17.338014,29,229
1934,Joan Didion,2008-09-02T02:26:21.434041,60,230
1933,David G. McCullough,2008-04-29T13:35:46.876380,69,231
1954,Philippa Gregory,2008-04-01T03:28:50.625462,329,232
,Katee Robert,2019-05-24T01:22:27.231923,123,233
1958,Mitch Albom,2008-04-01T03:28:50.625462,56,234
1955,Colm Tóibín,2008-04-01T03:28:50.625462,241,235
,,2018-06-02T21:27:13.169685,22,236
,,2021-05-30T21:23:13.898356,4,237
1978,Madeline Miller,2008-04-01T03:28:50.625462,7,238
1956,Graeme C. Simsion,2008-04-01T03:28:50.625462,17,239
,,2020-09-16T22:02:00.056543,6,240
1952,Alice Hoffman,2008-04-01T03:28:50.625462,85,241
1933,Philip G. Zimbardo,2008-04-01T03:28:50.625462,148,242
1971,Jeff Kinney,2008-04-29T15:03:11.581851,125,243
,,,18,244
,,,,245
1960,David Baldacci,2008-04-01T03:28:50.625462,184,246
1972,Rebecca Skloot,2009-09-03T13:34:59.507513,7,247
1964,Rick Riordan,2008-04-01T03:28:50.625462,95,248
,Ruby Roth,2009-04-28T02:05:21.311378,7,249
1824,"Collins, Wilkie",2008-04-01T03:28:50.625462,687,250
1967,Joel C. Rosenberg,2008-04-01T03:28:50.625462,37,251
1952,Alice Hoffman,2008-04-01T03:28:50.625462,85,252
1975,Gena Showalter,2008-04-30T09:38:13.731961,375,253
1973,"Clare, Cassandra",2008-04-29T15:03:11.581851,446,254
1957,Joshua Hammer,2008-04-29T15:03:11.581851,11,255
,Steve Berry,2008-09-17T18:48:51.369780,203,256
,Gitta Sereny,2008-04-01T03:28:50.625462,25,257
,Sarah Hilary,2019-07-19T05:19:14.816405,19,258
1904,"Cook, Ida",2008-04-01T03:28:50.625462,129,259
1934,Piers Anthony,2008-04-01T03:28:50.625462,285,260
1981,Joshua Williamson,2010-03-27T04:52:23.624674,195,261
,Anna Quindlen,2008-04-01T03:28:50.625462,151,262
1952,Walter Isaacson,2008-04-01T03:28:50.625462,23,263
,Richard Evershed,2019-07-19T11:47:46.007154,1,264
1916,"Dahl, Roald.",2008-04-01T03:28:50.625462,746,265
,Gō Ikeyamada,2019-05-23T06:01:20.409612,28,266
,Jem Lester,2019-07-19T23:04:50.876178,2,267
,,,1,268
1921,Patricia Highsmith,2008-04-01T03:28:50.625462,370,269
1978,"King, Tom",2008-04-01T03:28:50.625462,143,270
1960,Scott Lobdell,2008-04-01T03:28:50.625462,179,271
,Jerry Dennis,,21,272
,,2020-08-24T06:47:34.699107,2,273
1947,"King, Stephen",2008-04-01T03:28:50.625462,608,274
1920,"Hailey, Arthur.",2008-04-01T03:28:50.625462,20,275
,Leila Sales,2010-11-29T19:26:41.654393,18,276
1971,Jeff Kinney,2008-04-29T15:03:11.581851,125,277
1930,Buzz Aldrin,2008-04-01T03:28:50.625462,36,278
1974,Masashi Kishimoto,2008-04-29T15:03:11.581851,711,279
1956,Elizabeth Strout,2008-04-01T03:28:50.625462,35,280
,,2021-06-22T03:45:19.833622,1,281
,Robin Reul,2019-07-19T13:49:18.758670,2,282
1947,"King, Stephen",2008-04-01T03:28:50.625462,608,283
,Alec Robertson,2011-08-08T19:44:39.967555,22,284
,,,22,285
,Terry Farish,,14,286
1983,Jessica Knoll,2016-07-19T18:30:42.691200,8,287
,Cathy Camper,,11,288
,,2008-04-29T15:03:11.581851,10,289
1901,Barbara Cartland,2008-04-01T03:28:50.625462,1519,290
,,,,291
,Nancy White Carlstrom,2008-04-01T03:28:50.625462,67,292
1973,"Clare, Cassandra",2008-04-29T15:03:11.581851,446,293
1972,Gwyneth Paltrow,2008-04-30T09:38:13.731961,22,294
1916,John Clagett,2008-04-01T03:28:50.625462,18,295
,,2016-10-14T20:53:25.506015,3,296
,Terry Hayes,,21,297
,,2014-04-02T07:46:29.605708,8,298
,Becca Fitzpatrick,2009-05-15T13:27:30.323513,84,299
,Katie Ruggle,2019-05-23T21:16:11.600125,18,300
1949,Ron Chernow,2008-04-01T03:28:50.625462,17,301
,,,,302
1863,Arthur Machen,2008-04-01T03:28:50.625462,353,303
,Kathleen Grissom,2009-05-16T10:43:33.997501,9,304
1865,"Mason, A. E. W.",2008-04-01T03:28:50.625462,218,305
1841,"Hudson, W. H.",2008-04-01T03:28:50.625462,275,306
,Tamara Ireland Stone,2012-02-29T12:10:41.363437,18,307
1933,Jessica Steele,2008-04-01T03:28:50.625462,141,308
,Cece Bell,,43,309
,,2008-04-29T13:35:46.876380,23,310
,Jason Wrobel,2019-07-19T13:22:20.562289,1,311
,Mary G. Enig,,3,312
,Kurt Dinan,2019-07-19T13:49:02.136680,4,313
1947,"King, Stephen",2008-04-01T03:28:50.625462,608,314
1964,Rick Riordan,2008-04-01T03:28:50.625462,95,315
,,2020-04-23T16:35:29.419320,16,316
,,2022-06-17T18:11:15.809096,1,317
,Francis Chan,2010-01-21T08:07:07.579426,59,318
1940,Jeffrey Archer,2008-04-01T03:28:50.625462,187,319
1964,Elizabeth Wein,2008-04-01T03:28:50.625462,53,320
1973,"Clare, Cassandra",2008-04-29T15:03:11.581851,446,321
1973,"Clare, Cassandra",2008-04-29T15:03:11.581851,446,322
1973,"Clare, Cassandra",2008-04-29T15:03:11.581851,446,323
1973,"Clare, Cassandra",2008-04-29T15:03:11.581851,446,324
1973,"Clare, Cassandra",2008-04-29T15:03:11.581851,446,325
,Kwang W. Jeon,2008-04-01T03:28:50.625462,187,326
,,2012-04-13T19:29:16.866407,17,327
,Rainbow Rowell,2010-12-04T09:05:46.034827,85,328
1947,"King, Stephen",2008-04-01T03:28:50.625462,608,329
,Les Scher,,1,330
,Susannah Cahalan,2012-04-18T10:11:21.174187,8,331
1953,"Moore, Alan",2008-04-01T03:28:50.625462,286,332
1948,Ina Garten,2008-04-01T03:28:50.625462,28,333
1948,Ina Garten,2008-04-01T03:28:50.625462,28,334
,Megan Atwood,2011-07-25T15:34:19.391745,137,335
,Shaun Simon,2019-07-19T05:20:39.516802,13,336
1954,Benjamin Alire Sáenz,2008-11-04T06:06:55.764751,57,337
1963,Karen Kingsbury,2008-04-01T03:28:50.625462,140,338
1964,Dan Brown,2008-04-01T03:28:50.625462,46,339
1973,Anthony Doerr,2008-04-01T03:28:50.625462,23,340
,Sarah Andersen,2019-07-19T12:36:34.827337,33,341
,,2025-06-18T21:19:46.238162,2,342
1907,I. F. Stone,2008-04-01T03:28:50.625462,30,343
1859,"Doyle, Arthur Conan",2008-04-01T03:28:50.625462,9173,344
,Mary Elizabeth Williams,2009-10-10T04:50:34.666571,4,345
1922,Howard Zinn,2008-04-29T13:35:46.876380,166,346
,,,,347
1912,Barbara Wertheim Tuchman,2008-04-01T03:28:50.625462,77,348
,,2010-07-01T05:01:10.160327,34,349
,Charles C. Mann,2008-04-01T03:28:50.625462,16,350
,,2021-10-08T07:40:25.447834,1,351
,,2022-10-17T16:04:44.939454,3,352
,Daniel O'Malley,2011-07-27T00:55:34.685215,12,353
1948,Ruth Reichl,2008-04-01T03:28:50.625462,26,354
1962,,2008-04-29T13:35:46.876380,18,355
,Nora Zelevansky,2012-03-21T21:19:29.179126,5,356
,Anthony D. Barnosky,,8,357
,,2018-06-02T21:27:13.169685,22,358
1950,Diane Chamberlain,2008-04-01T03:28:50.625462,44,359
1811,John Maddison Morton,2008-04-01T03:28:50.625462,365,360
1977,Olivia Laing,2011-07-30T12:01:24.481007,6,361
,,2020-06-02T01:55:12.660008,4,362
,Jeanne Safer,,8,363
,,2021-10-09T14:33:59.450416,1,364
1927,Neil Simon,2009-02-18T02:48:41.511919,66,365
1929,Anne Frank,2008-04-01T03:28:50.625462,190,366
1858,E. Nesbit,2008-04-01T03:28:50.625462,279,367
1984,Marissa Meyer,2011-11-16T08:42:44.586982,44,368
,,2025-03-31T17:53:48.714101,1,369
,"Norris, Donald",2019-07-19T05:24:43.305840,2,370
,,2019-10-11T15:07:01.628660,1,371
1899,Maxwell Maltz,2008-04-01T03:28:50.625462,37,372
1893,Dorothy L. Sayers,2008-04-01T03:28:50.625462,406,373
1973,Livia Dare,2008-04-29T13:35:46.876380,275,374
,,2016-10-14T14:08:35.306903,13,375
,,,9,376
,,2022-03-03T17:34:56.994725,1,377
1775,"Austen, Jane",2008-04-01T03:28:50.625462,2205,378
,Sally Cook,2019-05-23T20:43:58.682144,11,379
,,2020-08-18T11:55:50.228869,25,380
,,2016-07-29T15:33:57.759325,3,381
,Giada De Laurentiis,,39,382
,,2019-11-02T19:12:48.203574,7,383
,Rainbow Rowell,2010-12-04T09:05:46.034827,85,384
1913,Gene Zion,2008-04-01T03:28:50.625462,39,385
,,2008-04-01T03:28:50.625462,,386
,Nevada Barr,2008-04-01T03:28:50.625462,87,387
,,2019-03-27T02:32:27.574438,13,388
1844,Andrew Lang,2008-04-30T09:38:13.731961,646,389
,,2015-09-24T22:00:52.762125,2,390
1902,Georgette Heyer,2008-04-01T03:28:50.625462,85,391
1950,"Huffington, Arianna Stassinopoulos",2008-04-01T03:28:50.625462,26,392
1962,Hannah Rothschild,2018-01-13T05:08:05.971092,14,393
,Alejandro Cremades,2019-07-19T12:23:02.450820,2,394
,Morgan Matson,2010-01-21T12:52:45.864040,29,395
1973,Sylvain Neuvel,2008-09-15T17:57:00.218974,24,396
1913,"Wilson, Angus",2008-04-01T03:28:50.625462,102,397
,,,168,398
,Derek Benfield,,39,399
,Graham Swift,2008-10-17T08:42:10.041620,37,400
1916,"Cleary, Beverly.",2008-04-01T03:28:50.625462,107,401
1946,Patti Smith,2008-04-01T03:28:50.625462,37,402
,,2016-07-21T00:51:51.168955,8,403
,,2019-10-08T01:58:51.346183,17,404
,,2017-03-17T22:34:50.971199,5,405
,Lisa Beazley,2019-07-19T10:36:25.219647,2,406
,Mark Wolynn,2019-05-24T06:21:16.251786,3,407
1963,"James, E. L.",2012-03-15T23:07:06.804942,29,408
1928,Hubert Selby,2008-04-01T03:28:50.625462,26,409
,Rosemary Carter,2008-04-01T03:28:50.625462,84,410
,Tracy Wolff,,62,411
1994,Alice Oseman,2019-07-19T22:48:02.648074,21,412
1869,Booth Tarkington,2008-04-01T03:28:50.625462,415,413
,,,29,414
,,2018-07-11T20:36:03.506810,2,415
,,2020-05-31T21:21:01.795698,11,416
1947,"King, Stephen",2008-04-01T03:28:50.625462,608,417
1971,Dan Harris,2019-05-24T00:49:41.517454,4,418
,,2022-01-28T10:21:16.156929,4,419
,Dennis Craig Smith,2008-04-01T03:28:50.625462,2,420
1953,"Moore, Alan",2008-04-01T03:28:50.625462,286,421
,Catherine Carrigan,,7,422
,,,4,423
1955,William P. Young,2017-05-01T23:42:56.115571,11,424
,,2021-08-11T02:20:28.989803,3,425
1950,Mollie Katzen,,34,426
,Michael Goldberg,,31,427
1963,BRIAN GREENE,2008-04-29T13:35:46.876380,28,428
1805,"Smith, Joseph",2008-04-29T13:35:46.876380,132,429
,,,6,430
,,2021-06-22T11:34:18.698404,1,431
,,2019-10-25T17:23:27.141739,17,432
,,2021-08-11T13:40:24.483593,4,433
,,,,434
,,2020-10-25T20:00:05.208444,2,435
,,,3,436
1973,Natsuki Takaya,2008-04-01T03:28:50.625462,160,437
1956,David Sedaris,2008-04-01T03:28:50.625462,35,438
,,2020-09-17T19:02:20.426988,179,439
,Andrew Leatherbarrow,2017-06-24T02:35:02.983108,7,440
1834,"Morris, William",2008-04-01T03:28:50.625462,514,441
,,,,442
,,2021-09-09T00:25:31.010832,2,443
,,2021-07-02T23:48:42.761086,1,444
,,2008-04-29T15:03:11.581851,5,445
,,2019-02-04T23:45:02.567508,19,446
1977,,2016-07-19T18:24:45.650779,1,447
,,,10,448
1962,Rachel Joyce,2012-01-25T10:56:17.860287,36,449
,Betty Edwards,,22,450
,Skip Hollandsworth,2019-05-13T12:35:29.545007,2,451
1920,Ray Bradbury,2008-04-01T03:28:50.625462,795,452
1963,Yann Martel,2008-04-01T03:28:50.625462,19,453
1971,Gillian Flynn,2008-04-01T03:28:50.625462,43,454
,Michael E. Gerber,,52,455
,Dana Elmendorf,2019-07-19T12:56:16.655781,2,456
,Charles Duhigg,2011-07-30T12:53:03.421693,19,457
,Anita Krishan,2022-12-19T01:38:42.095488,8,458
1940,Robyn Donald,2008-04-01T03:28:50.625462,230,459
,Victoria Jamieson,2008-11-16T09:19:18.474392,13,460
1965,C. Brené Brown,2008-04-30T09:38:13.731961,57,461
,,,2,462
,Legs McNeil,,14,463
,,,,464
,Huntley Fitzpatrick,2011-10-22T09:14:05.007768,12,465
,Anna Quindlen,2008-04-01T03:28:50.625462,151,466
1905,Viktor Emil Frankl,2008-10-31T19:40:01.378223,136,467
,Linda Lewis,,65,468
,D. Merilee Clunis,,5,469
1821,Charles Baudelaire,2008-04-01T03:28:50.625462,1261,470
,,2020-05-21T22:41:27.261829,78,471
,,,18,472
1813,Søren Kierkegaard,2008-04-01T03:28:50.625462,1068,473
,,2019-10-13T09:37:09.643629,1,474
1965,Jandy Nelson,2009-07-27T00:23:00.077816,12,475
1962,Harlan Coben,2008-04-01T03:28:50.625462,70,476
,David Means,2008-12-19T17:56:54.537679,16,477
1926,"Ginsberg, Allen",2008-04-01T03:28:50.625462,295,478
1932,Umberto Eco,2008-04-01T03:28:50.625462,507,479
,,2010-11-19T02:05:43.480089,34,480
1928,"Toffler, Alvin.",2008-04-01T03:28:50.625462,67,481
1951,Orson Scott Card,2008-04-01T03:28:50.625462,379,482
,Sharman Apt Russell,2008-04-01T03:28:50.625462,27,483
,,,10,484
,Eric Jay Dolin,,22,485
,,2008-04-29T13:35:46.876380,276,486
1975,Ta-Nehisi Coates,2008-04-30T09:38:13.731961,67,487
,Atul Gawande,2008-04-01T03:28:50.625462,20,488
,Ken Corbett,2009-02-18T01:06:09.065431,10,489
,,,9,490
1958,Annette Gordon-Reed,2008-04-01T03:28:50.625462,20,491
1965,Jen Sincero,2008-04-29T15:03:11.581851,32,492
,,2020-08-30T10:28:44.771950,1,493
1951,Mary Ellis,2008-12-11T22:31:38.506319,27,494
,,2020-08-04T21:23:02.238299,9,495
1940,Frances Mayes,2008-04-01T03:28:50.625462,46,496
,,,,497
1968,"Jacobs, A. J.",2008-04-01T03:28:50.625462,25,498
1948,Julia Donaldson,2008-04-01T03:28:50.625462,643,499
1909,E. H. Gombrich,2008-04-01T03:28:50.625462,220,500
1809,Charles Darwin,2008-04-01T03:28:50.625462,1978,501
1896,F. Scott Fitzgerald,2008-04-01T03:28:50.625462,1272,502
1978,,2016-07-19T00:43:24.314543,54,503
1960,Jeannette Walls,2008-04-01T03:28:50.625462,17,504
,,2016-04-11T18:02:00.156145,6,505
1964,Caitlín R. Kiernan,2008-04-01T03:28:50.625462,112,506
1954,Philippa Gregory,2008-04-01T03:28:50.625462,329,507
1927,Robert Ludlum,2008-04-01T03:28:50.625462,760,508
1981,Rachel McMillan,2019-05-24T09:38:57.161562,3,509
,,2020-09-02T04:47:46.664736,3,510
1932,Stephen R. Covey,2008-04-01T03:28:50.625462,347,511
1943,Doris Kearns Goodwin,2008-04-01T03:28:50.625462,12,512
,,2010-03-12T05:24:11.762036,16,513
,Beverly Daniel Tatum,2008-04-01T03:28:50.625462,8,514
,Kate William,2008-04-01T03:28:50.625462,174,515
,,2019-11-04T07:31:17.734567,17,516
1947,Robert T. Kiyosaki,2008-04-01T03:28:50.625462,279,517
1964,Kate DiCamillo,2008-04-01T03:28:50.625462,105,518
1960,Roger Crawford,,13,519
,,,61,520
,Allyson Kramer,2012-02-08T10:49:32.495221,4,521
,Meghann Foye,2019-07-19T14:01:40.741767,3,522
1956,"Golden, Arthur",2008-04-29T13:35:46.876380,25,523
,,2019-02-04T01:06:56.417336,16,524
1963,Yann Martel,2008-04-01T03:28:50.625462,19,525
,John Meyer,2008-10-26T16:56:30.266541,49,526
1906,Eleanor Alice Burford Hibbert,2008-04-01T03:28:50.625462,343,527
1933,David G. McCullough,2008-04-29T13:35:46.876380,69,528
,Mark Bittman,2008-04-01T03:28:50.625462,52,529
1960,Nigella Lawson,2008-04-01T03:28:50.625462,25,530
,Jennifer Weiner,2008-04-01T03:28:50.625462,98,531
1973,Natsuki Takaya,2008-04-01T03:28:50.625462,160,532
1946,Mildred Grieveson,2008-04-30T09:38:13.731961,445,533
,,2021-10-18T16:50:58.813959,4,534
1978,Seanan McGuire,2010-05-06T23:32:52.956260,308,535
,Edith Maxwell,,25,536
,Connilyn Cossette,2019-05-23T22:34:14.110802,27,537
1920,Ray Bradbury,2008-04-01T03:28:50.625462,795,538
1971,Donald Miller,2008-04-01T03:28:50.625462,98,539
1706,"Franklin, Benjamin",2008-04-01T03:28:50.625462,1535,540
1963,Sarah Bakewell,2008-04-01T03:28:50.625462,19,541
,Marilyn Brant,2010-03-19T03:27:01.899826,14,542
1951,"Bryson, Bill.",2008-04-01T03:28:50.625462,75,543
1987,,2011-10-04T16:57:46.868097,47,544
,Norma Frances Greco,,1,545
1904,William L. Shirer,2008-04-01T03:28:50.625462,93,546
1970,Stephen Chbosky,2008-04-01T03:28:50.625462,9,547
1890,Agatha Christie,2008-04-01T03:28:50.625462,1166,548
1933,Oliver W. Sacks,2008-04-01T03:28:50.625462,46,549
,,2021-04-11T02:44:01.014449,1,550
1877,Irma (von Starkloff) Rombauer,2008-04-01T03:28:50.625462,19,551
,Sue Monk Kidd,2008-04-01T03:28:50.625462,63,552
1892,J. R. R. Tolkien,2008-04-01T03:28:50.625462,415,553
1941,Paul Theroux,2008-09-01T14:30:30.625333,264,554
,Paul Harrison,,396,555
1941,Richard Dawkins,2008-04-01T03:28:50.625462,132,556
1969,Jojo Moyes,2008-04-01T03:28:50.625462,106,557
1892,J. R. R. Tolkien,2008-04-01T03:28:50.625462,415,558
,Richard J. Finneran,,45,559
1948,Ina Garten,2008-04-01T03:28:50.625462,28,560
,Carol Rifka Brunt,2012-06-27T07:33:45.451892,8,561
,,,,562
1775,"Austen, Jane",2008-04-01T03:28:50.625462,2205,563
1933,Oliver W. Sacks,2008-04-01T03:28:50.625462,46,564
1898,C. S. Lewis,2008-04-01T03:28:50.625462,1419,565
1969,Jojo Moyes,2008-04-01T03:28:50.625462,106,566
1867,"Wilder, Laura Ingalls",2008-04-01T03:28:50.625462,142,567
1924,Truman Streckfus Persons,2008-04-01T03:28:50.625462,107,568
1888,Dale Carnegie,2008-04-01T03:28:50.625462,404,569
,Kimberly Daniels,,42,570
1890,Agatha Christie,2008-04-01T03:28:50.625462,1166,571
1960,Alison Bechdel,2009-02-18T23:27:21.510505,27,572
1973,Natsuki Takaya,2008-04-01T03:28:50.625462,160,573
1964,Dan Brown,2008-04-01T03:28:50.625462,46,574
,,2008-04-29T15:03:11.581851,125,575
,"Dixon, Simon",,11,576
,,,,577
1946,Kay R. Jamison,2008-04-01T03:28:50.625462,8,578
1939,Peter Mayle,2008-04-01T03:28:50.625462,240,579
1949,Ken Follett,2008-04-01T03:28:50.625462,339,580
1977,John Green,2008-09-24T12:09:56.469720,37,581
1971,Thomas Piketty,2008-04-01T03:28:50.625462,57,582
,,,103,583
1984,,2015-04-04T05:59:31.084252,6,584
1950,"Robertson, Eleanor Marie",2008-04-01T03:28:50.625462,2187,585
,,2008-04-29T13:35:46.876380,27,586
1849,Frances Hodgson Burnett,2008-04-01T03:28:50.625462,2102,587
,,2018-12-08T04:16:14.760456,6,588
1981,Maggie Stiefvater,2008-09-26T13:58:10.764474,36,589
,Dana Jacobi,,17,590
,,,,591
,William Geroux,2019-07-19T13:18:04.847156,3,592
,,,24,593
1892,Corrie Ten Boom,2008-04-01T03:28:50.625462,109,594
1942,S. W. Hawking,2008-04-29T13:35:46.876380,87,595
1955,John Grisham,2008-04-01T03:28:50.625462,680,596
1977,John Green,2008-09-24T12:09:56.469720,37,597
,Jennifer A. Nielsen,2011-07-26T16:43:48.744852,94,598
,Janice Y. K. Lee,2008-12-12T09:47:45.990145,7,599
1981,Maggie Stiefvater,2008-09-26T13:58:10.764474,36,600
,"Haynes, Elizabeth",2008-04-01T03:28:50.625462,27,601
1968,Kwame Alexander,2008-04-01T03:28:50.625462,54,602
,Richard Yancey,2008-04-01T03:28:50.625462,23,603
,Sarah Rees Brennan,2008-11-16T06:55:40.509723,76,604
,,,25,605
,,2008-04-29T15:03:11.581851,10,606
1877,Hermann Hesse,2008-04-01T03:28:50.625462,1379,607
1906,Eleanor Alice Burford Hibbert,2008-04-01T03:28:50.625462,343,608
1954,Christopher Pike,2008-04-01T03:28:50.625462,161,609
1940,Thomas Harris,2008-04-01T03:28:50.625462,15,610
1771,"Scott, Walter",2008-04-01T03:28:50.625462,4622,611
,,,17,612
1890,Verna Cook Shipway,,10,613
1946,F. Isabel Campoy,2008-04-01T03:28:50.625462,188,614
,Stephanie Perkins,2010-02-16T21:51:02.585480,40,615
,Tijan,2019-07-19T22:33:46.686676,82,616
1948,Debbie Macomber,2008-04-01T03:28:50.625462,920,617
1954,Lee Child,2008-04-01T03:28:50.625462,117,618
,,2016-10-27T21:56:49.391319,11,619
,Stephanie Perkins,2010-02-16T21:51:02.585480,40,620
,,,103,621
1928,"Angelou, Maya.",2008-04-01T03:28:50.625462,229,622
1965,J. K. Rowling,2008-04-01T03:28:50.625462,408,623
1973,Natsuki Takaya,2008-04-01T03:28:50.625462,160,624
1920,Isaac Asimov,2008-04-01T03:28:50.625462,1439,625
1962,Harlan Coben,2008-04-01T03:28:50.625462,70,626
,Lisa Gardner,2008-04-01T03:28:50.625462,289,627
,,2008-04-30T09:38:13.731961,9,628
1977,,2008-04-29T15:03:11.581851,119,629
1958,Dacre Stoker,2009-07-27T15:12:52.322952,12,630
1964,Dan Brown,2008-04-01T03:28:50.625462,46,631
,,2008-04-29T15:03:11.581851,125,632
,,2017-04-30T02:08:08.784177,4,633
1724,Immanuel Kant,2008-04-01T03:28:50.625462,2028,634
1975,Markus Zusak,2008-04-01T03:28:50.625462,12,635
1950,"Robertson, Eleanor Marie",2008-04-01T03:28:50.625462,2187,636
1971,Faith Salie,2019-07-19T12:32:29.926730,1,637
1977,John Green,2008-09-24T12:09:56.469720,37,638
1947,A. J. Bacevich,2008-04-01T03:28:50.625462,30,639
,,2008-04-29T15:03:11.581851,58,640
1948,Debbie Macomber,2008-04-01T03:28:50.625462,920,641
1948,George R. R. Martin,2008-04-01T03:28:50.625462,372,642
1948,George R. R. Martin,2008-04-01T03:28:50.625462,372,643
1948,George R. R. Martin,2008-04-01T03:28:50.625462,372,644
,,,6,645
1947,"King, Stephen",2008-04-01T03:28:50.625462,608,646
1628,"Bunyan, John",2008-04-01T03:28:50.625462,678,647
,Jaci Burtom,2008-04-29T13:35:46.876380,125,648
,Julie Berry,,27,649
,,2019-03-18T07:05:14.134662,3,650
1962,Suzanne Collins,2008-04-01T03:28:50.625462,21,651
1859,"Doyle, Arthur Conan",2008-04-01T03:28:50.625462,9173,652
,Pamela Haag,,10,653
1963,Eric Weiner,2010-05-05T09:03:56.076535,11,654
,,,,655
1977,Aya Shouoto,2019-05-23T22:54:30.244743,30,656
1968,Tom Holland,2008-04-01T03:28:50.625462,131,657
1875,Edgar Rice Burroughs,2008-04-01T03:28:50.625462,8255,658
1889,Erle Stanley Gardner,2008-04-01T03:28:50.625462,354,659
,,2008-04-01T03:28:50.625462,,660
,,2019-07-17T14:54:57.760365,10,661
1952,Diana Gabaldon,2008-04-01T03:28:50.625462,306,662
,,2017-09-14T19:11:29.138654,3,663
,Jerry Hopkins,,68,664
1947,"King, Stephen",2008-04-01T03:28:50.625462,608,665
1947,"King, Stephen",2008-04-01T03:28:50.625462,608,666
1962,Suzanne Collins,2008-04-01T03:28:50.625462,21,667
1947,"King, Stephen",2008-04-01T03:28:50.625462,608,668
1832,Louisa May Alcott,2008-04-01T03:28:50.625462,2227,669
1835,Mark Twain,2008-04-01T03:28:50.625462,7351,670
,,,9,671
1965,J. K. Rowling,2008-04-01T03:28:50.625462,408,672
1965,J. K. Rowling,2008-04-01T03:28:50.625462,408,673
1965,J. K. Rowling,2008-04-01T03:28:50.625462,408,674
1965,J. K. Rowling,2008-04-01T03:28:50.625462,408,675
1900,"Mitchell, Margaret",2008-04-01T03:28:50.625462,24,676
1949,Christopher Hitchens,2008-04-01T03:28:50.625462,60,677
,Tracy Chevalier,2008-04-01T03:28:50.625462,131,678
1973,Natsuki Takaya,2008-04-01T03:28:50.625462,160,679
1955,Linwood Barclay,2008-04-01T03:28:50.625462,72,680
1969,J. R. Ward,2008-04-01T03:28:50.625462,289,681
1969,Madeleine Wickham,2008-04-01T03:28:50.625462,262,682
,Jaci Burtom,2008-04-29T13:35:46.876380,125,683
1694,Voltaire,2008-04-01T03:28:50.625462,4027,684
,,2008-04-01T03:28:50.625462,,685
1905,Ayn Rand,2008-04-01T03:28:50.625462,209,686
1903,George Orwell,2008-04-01T03:28:50.625462,688,687
1965,Nicholas Sparks,2008-04-01T03:28:50.625462,530,688
1948,Eckhart Tolle,2008-04-01T03:28:50.625462,173,689
1944,Karen Armstrong,2008-04-01T03:28:50.625462,187,690
1947,"King, Stephen",2008-04-01T03:28:50.625462,608,691
1948,"Gibson, William",2008-04-01T03:28:50.625462,46,692
1818,"Brontë, Emily",2008-04-01T03:28:50.625462,395,693
1972,Max Brooks,2008-04-01T03:28:50.625462,32,694
1928,"Sendak, Maurice.",2008-04-01T03:28:50.625462,91,695
1964,Maria Semple,2008-09-26T00:26:05.047137,9,696
1956,David Sedaris,2008-04-01T03:28:50.625462,35,697
,Benjamin Ginsberg,,118,698
1950,Karen Joy Fowler,2008-04-01T03:28:50.625462,34,699
,,2013-12-20T20:58:28.466003,36,700
1898,C. S. Lewis,2008-04-01T03:28:50.625462,1419,701
1965,J. K. Rowling,2008-04-01T03:28:50.625462,408,702
,Anna Thomas,,15,703
1978,Ruth Soukup,2019-07-18T18:59:41.584320,3,704
1954,Jon Krakauer,2008-04-01T03:28:50.625462,21,705
1972,David Levithan,2008-04-01T03:28:50.625462,83,706
1973,Stephenie Meyer,2008-04-01T03:28:50.625462,161,707
,,2008-04-01T03:28:50.625462,,708
,,2016-08-28T09:22:12.197028,5,709
,,2014-03-13T12:32:11.842829,11,710
1883,Napoleon Hill,2008-04-01T03:28:50.625462,431,711
1979,"Brown, Peter",2008-04-01T03:28:50.625462,25,712
1975,,2008-04-30T08:14:56.482104,361,713
,,2008-04-01T03:28:50.625462,,714
1254,"Polo, Marco",2008-04-29T13:35:46.876380,192,715
1963,Malcolm Gladwell,2008-04-01T03:28:50.625462,79,716
,,2016-10-14T18:22:43.321401,12,717
1947,"King, Stephen",2008-04-01T03:28:50.625462,608,718
,Deb Perelman,2012-04-13T06:34:53.149414,5,719
1965,J. K. Rowling,2008-04-01T03:28:50.625462,408,720
1960,Neil Gaiman,2008-04-01T03:28:50.625462,504,721
1983,,2017-01-20T23:14:40.743539,52,722
1951,"Bryson, Bill.",2008-04-01T03:28:50.625462,75,723
1940,Edmund Morris,2008-04-01T03:28:50.625462,31,724
1952,Douglas Adams,2008-04-01T03:28:50.625462,86,725
,,,196,726
1951,Anita Diamant,2008-04-01T03:28:50.625462,67,727
1954,"Warren, Richard",2008-04-29T15:03:11.581851,144,728
,Scarlett Cole,2019-05-24T03:56:48.061324,19,729
1854,Oscar Wilde,2008-04-01T03:28:50.625462,5524,730
,,,34,731
,,2021-04-03T01:48:39.505817,8,732
1960,Kristin Hannah,2008-04-01T03:28:50.625462,130,733
1957,James Dean,2008-04-29T13:35:46.876380,165,734
,Emma McLaughlin,2008-04-01T03:28:50.625462,60,735
,Francis Pope,,8,736
1972,James Dashner,2008-04-01T03:28:50.625462,120,737
1972,David Levithan,2008-04-01T03:28:50.625462,83,738
1908,Louis L'Amour,2008-04-01T03:28:50.625462,523,739
,,2008-04-29T15:03:11.581851,14,740
,,,17,741
,Kate Hattemer,2018-05-15T05:04:07.153356,5,742
1946,Robert Kanigel,2008-04-01T03:28:50.625462,11,743
1966,Liane Moriarty,2008-04-01T03:28:50.625462,74,744
1912,John Carnell,2008-04-01T03:28:50.625462,58,745
1912,Barbara Wertheim Tuchman,2008-04-01T03:28:50.625462,77,746
1934,Mary Ann Shaffer,2008-04-30T09:38:13.731961,1,747
1963,Donna Tartt,2008-04-01T03:28:50.625462,8,748
1937,Lois Lowry,2008-04-01T03:28:50.625462,155,749
1959,Mike Carey,2008-04-01T03:28:50.625462,232,750
1954,Stieg Larsson,2008-04-01T03:28:50.625462,116,751
1966,Denise Mina,2008-04-01T03:28:50.625462,53,752
1952,Cinda Williams Chima,2008-04-01T03:28:50.625462,48,753
1967,Sam Harris,2008-04-01T03:28:50.625462,27,754
1963,BRIAN GREENE,2008-04-29T13:35:46.876380,28,755
1953,Sam Kean,2009-11-23T16:46:45.074530,14,756
1977,Lauren Weisberger,2008-04-01T03:28:50.625462,97,757
1934,Carl Sagan,2008-04-01T03:28:50.625462,74,758
1970,,2015-05-06T16:12:44.797840,27,759
1964,Dan Brown,2008-04-01T03:28:50.625462,46,760
1965,J. K. Rowling,2008-04-01T03:28:50.625462,408,761
1832,"Carroll, Lewis",2008-04-01T03:28:50.625462,2637,762
1928,Anne Sexton,2008-04-01T03:28:50.625462,78,763
1919,J. D. Salinger,2008-04-01T03:28:50.625462,41,764
1904,Ted Geisel,2008-04-29T13:35:46.876380,611,765
1952,Lee Strobel,2008-04-01T03:28:50.625462,236,766
1975,Markus Zusak,2008-04-01T03:28:50.625462,12,767
,Bill Simmons,2008-04-01T03:28:50.625462,12,768
1960,"Lewis, Michael",2008-04-01T03:28:50.625462,34,769
1930,"Bloom, Harold.",2008-04-01T03:28:50.625462,2329,770
,Alice Waters,,61,771
,Chad Harbach,2011-07-26T18:15:23.772447,15,772
1918,Richard Phillips Feynman,2008-04-01T03:28:50.625462,235,773
1959,,2008-04-29T13:35:46.876380,33,774
,,2021-12-30T22:30:50.210855,2,775
,Emily Giffin,2008-04-30T09:38:13.731961,89,776
,Emily Giffin,2008-04-30T09:38:13.731961,89,777
1873,Ford Madox Ford,2008-04-01T03:28:50.625462,219,778
1969,Madeleine Wickham,2008-04-01T03:28:50.625462,262,779
,Sarah Thornton,,21,780
1956,Carlo Rovelli,2008-10-16T14:34:00.758718,49,781
1865,"Orczy, Emmuska Orczy",2008-04-01T03:28:50.625462,778,782
1961,Tatiana de Rosnay,2008-04-01T03:28:50.625462,75,783
1867,"Galsworthy, John",2008-04-01T03:28:50.625462,1428,784
1965,Augusten Burroughs,2008-04-01T03:28:50.625462,57,785
1955,John Grisham,2008-04-01T03:28:50.625462,680,786
,,2017-08-05T03:43:54.428047,6,787
,,2008-04-29T15:03:11.581851,8,788
,,2016-10-14T06:29:17.019595,18,789
1902,John Steinbeck,2008-04-01T03:28:50.625462,304,790
1972,Ernest Cline,2011-07-26T18:18:09.488500,12,791
1904,"Greene, Graham",2008-04-01T03:28:50.625462,1020,792
1984,Marie Lu,2011-12-29T09:26:58.342703,35,793
1969,Marjane Satrapi,2008-04-01T03:28:50.625462,21,794
1959,,2008-04-29T13:35:46.876380,33,795
1963,Malcolm Gladwell,2008-04-01T03:28:50.625462,79,796
1968,Kirstin Cronn-Mills,2008-11-15T16:38:53.350774,8,797
,,2019-03-07T03:59:28.682036,3,798
1943,Janet Evanovich,2008-04-01T03:28:50.625462,249,799
1951,"Bryson, Bill.",2008-04-01T03:28:50.625462,75,800
1564,William Shakespeare,2008-04-01T03:28:50.625462,12542,801
1951,"Bryson, Bill.",2008-04-01T03:28:50.625462,75,802
1914,"Burroughs, William S.",2008-04-01T03:28:50.625462,341,803
1988,Pierce Brown,2019-08-24T08:25:40.307578,19,804
,Christy Wilson Beam,2019-07-19T12:36:49.871241,4,805
1964,,2008-04-29T13:35:46.876380,91,806
1956,David Sedaris,2008-04-01T03:28:50.625462,35,807
1947,Paulo Coelho,2008-04-01T03:28:50.625462,766,808
,James Mahoney,,37,809
1928,Robert M. Pirsig,2008-04-01T03:28:50.625462,4,810
1903,"Stone, Irving",2008-04-29T13:35:46.876380,79,811
,Diana Abu-Jaber,,16,812
1951,Kate Atkinson,2008-04-01T03:28:50.625462,142,813
1967,Sam Harris,2008-04-01T03:28:50.625462,27,814
,,,26,815
1783,"Irving, Washington",2008-04-01T03:28:50.625462,1893,816
1969,Sheryl Sandberg,2013-09-16T19:12:42.744048,11,817
1940,Thomas Harris,2008-04-01T03:28:50.625462,15,818
1949,Bobbi Smith,2008-04-01T03:28:50.625462,62,819
1942,Michael Crichton,2008-04-01T03:28:50.625462,150,820
1948,Julia Cameron,2008-04-01T03:28:50.625462,92,821
1979,,2008-04-30T08:14:56.482104,3,822
,Erin Hunter,2008-04-01T03:28:50.625462,232,823
1265,Dante Alighieri,2008-04-01T03:28:50.625462,2153,824
1954,Erik Larson,2008-04-01T03:28:50.625462,12,825
,Terri Blackstock,2012-07-25T13:52:48.896006,91,826
,,2008-04-01T03:28:50.625462,,827
1997,Malala Yousafzai,2014-02-12T11:48:29.310320,24,828
,Lisa Lillien,,25,829
1951,Richard Conniff,2008-04-01T03:28:50.625462,21,830
1966,Mark Z. Danielewski,2008-04-01T03:28:50.625462,23,831
,,2017-03-08T16:26:53.265532,29,832
1956,David Sedaris,2008-04-01T03:28:50.625462,35,833
,,2016-10-14T12:30:30.658799,9,834
1904,Ted Geisel,2008-04-29T13:35:46.876380,611,835
1977,John Green,2008-09-24T12:09:56.469720,37,836
,,2021-10-02T02:24:57.851869,3,837
1971,Gillian Flynn,2008-04-01T03:28:50.625462,43,838
1854,"Frazer, James George",2008-04-29T13:35:46.876380,320,839
,,2017-01-12T16:59:24.073994,15,840
1973,Natsuki Takaya,2008-04-01T03:28:50.625462,160,841
1954,H. G. Bissinger,2008-04-01T03:28:50.625462,18,842
,Christine Feehan,2008-04-01T03:28:50.625462,196,843
1963,"James, E. L.",2012-03-15T23:07:06.804942,29,844
1959,Mike Carey,2008-04-01T03:28:50.625462,232,845
1944,"Sandford, John",2008-04-01T03:28:50.625462,164,846
1983,Christopher Paolini,2008-04-01T03:28:50.625462,25,847
1973,Stephenie Meyer,2008-04-01T03:28:50.625462,161,848
1920,"Herbert, Frank.",2008-04-01T03:28:50.625462,270,849
1847,Bram Stoker,2008-04-01T03:28:50.625462,1142,850
1928,"Dick, Philip K.",2008-04-01T03:28:50.625462,637,851
1948,Mir Tamim Ansary,2008-04-01T03:28:50.625462,159,852
1954,Erik Larson,2008-04-01T03:28:50.625462,12,853
1963,Malcolm Gladwell,2008-04-01T03:28:50.625462,79,854
1964,Karen Marie Moning,2008-04-01T03:28:50.625462,103,855
1971,Gillian Flynn,2008-04-01T03:28:50.625462,43,856
1973,,2008-04-30T09:38:13.731961,22,857
,Melanie Conklin,2019-05-24T07:57:55.640745,5,858
1769,Alexander von Humboldt,2010-03-12T04:55:45.595318,674,859
1856,Sigmund Freud,2008-04-01T03:28:50.625462,2017,860
1984,Marissa Meyer,2011-11-16T08:42:44.586982,44,861
,Maddie Dawson,2009-09-10T03:32:11.535788,11,862
1965,J. K. Rowling,2008-04-01T03:28:50.625462,408,863
1973,Stephenie Meyer,2008-04-01T03:28:50.625462,161,864
,,2020-04-29T09:25:43.742908,19,865
1972,David Levithan,2008-04-01T03:28:50.625462,83,866
1962,Christopher McDougall,2009-06-11T18:08:24.257505,18,867
1963,Malcolm Gladwell,2008-04-01T03:28:50.625462,79,868
,David Cordingly,2008-04-01T03:28:50.625462,42,869
1984,Yana Toboso,2010-06-14T18:31:16.166451,165,870
1966,Liane Moriarty,2008-04-01T03:28:50.625462,74,871
1967,Ruta Sepetys,2010-01-21T12:52:52.349181,6,872
,Susan Mallery,2008-04-01T03:28:50.625462,778,873
1939,Seamus Heaney,2008-04-01T03:28:50.625462,378,874
,Kami Garcia,2009-01-07T17:54:54.253197,121,875
1979,Svetlana Chmakova,2009-02-18T07:25:57.857882,7,876
1930,Frank McCourt,2008-04-01T03:28:50.625462,85,877
1972,David Levithan,2008-04-01T03:28:50.625462,83,878
,,,,879
1938,Nancy Garden,2008-04-01T03:28:50.625462,45,880
1890,Agatha Christie,2008-04-01T03:28:50.625462,1166,881
1951,"Bryson, Bill.",2008-04-01T03:28:50.625462,75,882
1962,Jennifer Egan,2008-04-01T03:28:50.625462,28,883
1948,George R. R. Martin,2008-04-01T03:28:50.625462,372,884
1970,Dave Eggers,2008-04-01T03:28:50.625462,210,885
,Christina G. Hibbert,2019-07-18T19:43:06.738714,2,886
,,2024-09-22T17:35:49.671401,7,887
1882,E. Sylvia Pankhurst,2008-04-01T03:28:50.625462,32,888
1946,Julian Barnes,2008-04-01T03:28:50.625462,344,889
1960,Neil Gaiman,2008-04-01T03:28:50.625462,504,890
1969,Alain De Botton,2008-04-01T03:28:50.625462,230,891
,Julie Burchill,,34,892
1867,"Galsworthy, John",2008-04-01T03:28:50.625462,1428,893
1897,Enid Blyton,2008-04-01T03:28:50.625462,2797,894
1874,L. M. Montgomery,2008-04-01T03:28:50.625462,913,895
1903,"Stone, Irving",2008-04-29T13:35:46.876380,79,896
,,2022-12-01T15:55:26.385457,1,897
1970,HELEN MACDONALD,2008-04-30T08:14:56.482104,11,898
1990,Zoe Sugg,2016-10-19T18:46:46.765912,6,899
1973,Natsuki Takaya,2008-04-01T03:28:50.625462,160,900
,,2018-12-30T06:09:03.798836,162,901
1904,Pablo Neruda,2008-04-01T03:28:50.625462,651,902
,Ann Howard Creel,,23,903
,A. L. Jackson,2019-07-18T16:25:45.080721,78,904
,,2022-03-02T20:57:57.216506,22,905
1926,John Berger,2008-04-29T15:03:11.581851,379,906
,,2008-04-29T15:03:11.581851,86,907
,Chloe Neill,2008-12-12T08:00:32.993147,89,908
,,2022-11-29T03:36:00.004119,1,909
1902,John Steinbeck,2008-04-01T03:28:50.625462,304,910
1966,Liane Moriarty,2008-04-01T03:28:50.625462,74,911
,,2020-08-23T21:15:01.906251,17,912
,,2016-10-14T11:58:31.411049,2,913
1975,,2008-04-30T08:14:56.482104,361,914
,,,,915
1569,Kyun Hŏ,2008-04-01T03:28:50.625462,36,916
,A. S. A. Harrison,,8,917
,Marjorie Wallace,,6,918
1941,Richard Dawkins,2008-04-01T03:28:50.625462,132,919
,,2019-10-10T19:35:33.674140,26,920
1960,Neil Gaiman,2008-04-01T03:28:50.625462,504,921
1971,Drew Karpyshyn,2008-04-01T03:28:50.625462,31,922
,Homer.,2008-04-01T03:28:50.625462,1927,923
1948,Alexander McCall Smith,2008-04-01T03:28:50.625462,248,924
,Aristotle,2008-04-01T03:28:50.625462,2483,925
1973,,2008-04-29T15:03:11.581851,19,926
1944,Jack L. Chalker,2008-04-01T03:28:50.625462,239,927
,,2016-10-14T09:09:56.545293,3,928
,,2018-06-09T13:43:12.906034,11,929
,Nadia Murad,2019-05-23T22:46:13.484586,8,930
,Homer.,2008-04-01T03:28:50.625462,1927,931
,,2013-12-17T15:57:25.236637,39,932
1642,Thomas Shadwell,2008-04-01T03:28:50.625462,99,933
,"Croft, Kathryn",2019-07-19T21:06:12.721343,2,934
,Robert Bryndza,2019-05-24T01:14:39.901455,57,935
,,2024-02-17T05:54:45.963376,1,936
1951,Melinda M. Snodgrass,2008-04-29T13:35:46.876380,47,937
1948,Art Spiegelman,2008-04-01T03:28:50.625462,56,938
1958,David Boyle,2008-04-01T03:28:50.625462,69,939
,Juan Mascaró,2008-10-23T20:33:33.270155,12,940
,,2021-04-25T20:15:15.351840,2,941
,Sarah Alexander,,8,942
,Jaci Burtom,2008-04-29T13:35:46.876380,125,943
,,2024-09-30T01:13:22.275159,2,944
1902,Carolyn Keene,2008-04-01T03:28:50.625462,863,945
,,2022-06-10T02:06:15.919229,1,946
1988,Tahereh Mafi,2011-07-30T12:22:39.754442,59,947
,,,95,948
,,,71,949
,Sharon Kendrick,2008-04-01T03:28:50.625462,980,950
1775,"Austen, Jane",2008-04-01T03:28:50.625462,2205,951
1867,"Galsworthy, John",2008-04-01T03:28:50.625462,1428,952
1975,Brandon Sanderson,2008-04-01T03:28:50.625462,190,953
1979,Kurtis J. Wiebe,2019-05-24T01:21:50.108831,7,954
1608,"Milton, John",2008-04-01T03:28:50.625462,6196,955
,,2019-07-17T14:54:57.760365,10,956
,,2008-04-29T15:03:11.581851,60,957
1809,Charles Darwin,2008-04-01T03:28:50.625462,1978,958
1950,William R. Forstchen,2008-04-01T03:28:50.625462,75,959
1922,Jack Kerouac,2008-04-01T03:28:50.625462,253,960
,Eric Spitznagel,,11,961
1910,Gonzalo Torrente Ballester,2008-04-01T03:28:50.625462,124,962
1902,John Steinbeck,2008-04-01T03:28:50.625462,304,963
1938,"Niven, Larry.",2008-04-01T03:28:50.625462,243,964
,,2019-12-11T07:16:47.738325,13,965
1982,G. Willow Wilson,2008-04-30T20:50:18.033121,89,966
,Marcus Aurelius,2008-04-01T03:28:50.625462,485,967
1916,"Dahl, Roald.",2008-04-01T03:28:50.625462,746,968
,Simone St. James,2011-10-22T00:26:47.732728,16,969
1911,William Golding,2008-04-01T03:28:50.625462,116,970
1953,Tess Gerritsen,2008-04-01T03:28:50.625462,368,971
,,2016-07-21T19:56:45.233851,9,972
1816,"Brontë, Charlotte",2008-04-01T03:28:50.625462,1135,973
,,,11,974
1935,Eldridge Cleaver,2008-04-01T03:28:50.625462,24,975
1975,,2008-04-29T15:03:11.581851,162,976
,,,,977
,,2022-05-26T07:55:40.020467,40,978
1973,Natsuki Takaya,2008-04-01T03:28:50.625462,160,979
1797,Mary Wollstonecraft Shelley,2008-04-01T03:28:50.625462,686,980
,,,,981
,,2019-12-16T03:17:06.938574,5,982
1775,"Austen, Jane",2008-04-01T03:28:50.625462,2205,983
1969,Elizabeth Gilbert,2008-04-01T03:28:50.625462,49,984
1825,Robert Michael Ballantyne,2008-04-01T03:28:50.625462,214,985
,,2011-09-21T14:30:49.020154,5,986
1916,"Dahl, Roald.",2008-04-01T03:28:50.625462,746,987
,,2019-10-04T13:11:23.217301,36,988
,,,6,989
1958,Helen Fielding,2008-04-01T03:28:50.625462,23,990
,,2021-09-28T08:56:58.672277,1,991
,Marcia Clark,,28,992
1977,,2008-04-29T15:03:11.581851,419,993
1844,Friedrich Nietzsche,2008-04-01T03:28:50.625462,2849,994
1832,"Carroll, Lewis",2008-04-01T03:28:50.625462,2637,995
,,2018-10-26T12:14:46.657904,53,996
,Melanie Dickerson,2011-11-04T09:12:03.932079,32,997
1947,"Patterson, James",2008-04-01T03:28:50.625462,706,998
1564,William Shakespeare,2008-04-01T03:28:50.625462,12542,999
